Version,Max GFLOPS,Max Bandwidth (GB/s)
SERIAL,6.596477,1.151897
OMP,1431.971321,3.88989
ACC,1506.548917,4.507453
CUDA,3031.26612,4.475089
